user_id,average_interval,tweet_count
1158735685416656896,55.5,2
1161967254688288768,759.4,5
1208433347652771840,41.8,5
1284153512109064192,128.57894736842104,19
2498113495,797.6666666666666,3
4566897745,983.0,2
70622589,106.0,2
722641630348582912,658.3333333333334,3
777139982196617216,249.0,2
790475185350598656,236.44444444444446,18
842123733468762112,277.25,4
947761364784758785,441.0,5
