user_id,average_interval,tweet_count
1084471836165910529,197.75,4
1216883768,680.5,2
2396204749,263.0,2
263579094,47.0,3
3108431472,850.0,2
4882336471,131.1,20
546089484,184.66666666666666,3
75763384,375.50000000000006,2
801746160,477.8,5
801749812865474560,0.5,4
835894680168517632,41.666666666666664,3
