user_id,average_interval,tweet_count
1104354185296769029,629.3333333333334,3
1194984267782115330,1182.6666666666667,3
1625869226,160.66666666666666,3
3437078474,157.88888888888889,9
977379589159755777,43.0,4
