user_id,average_interval,tweet_count
2511722432,290.4,15
279454243,690.6666666666666,3
541831823,674.6666666666666,3
85800209,319.39285714285717,28
