user_id,average_interval,tweet_count
1011356094797570048,147.32530120481928,83
119606639,18.0,2
120655299,183.84625668449198,748
826756376504381441,370.125,8
864437453800620032,248.75,12
