user_id,average_interval,tweet_count
1111640213766303744,115.6,5
1197467112299610113,475.0,5
1253978992903938048,169.0,2
1257713217146511360,306.0,4
1529614860,498.0,2
2909799212,346.0,4
306239569,205.5,2
3749486778,291.0,2
50293755,259.61538461538464,13
78619878,242.66666666666666,9
792962576,129.85714285714286,7
886834149935284224,470.9166666666667,12
