user_id,average_interval,tweet_count
1034817865956745216,571.5,2
1105342948932108289,597.2,5
1628005688,343.4,5
1702012177,457.3333333333333,3
21272710,88.1,20
216281238,511.50000000000006,2
2291005334,146.5,2
2454296588,176.83333333333334,6
2481604219,1017.0,2
2581102232,669.0,2
2583762356,33.5,2
2910435398,201.66666666666666,3
34128810,304.5,4
3692692452,170.71428571428572,7
373687679,2.3333333333333335,3
764961509273329664,9.0,2
8829982,1006.75,4
89635104,48.0,2
933650110491193345,318.5,4
