user_id,average_interval,tweet_count
1057600751919198209,150.0,2
10727062,400.0,8
2424732121,329.0,3
314652025,264.42857142857144,7
4497190698,364.6666666666667,3
854387555743055873,504.4,5
88710897,331.5,14
