user_id,average_interval,tweet_count
1214493277409275905,197.5487804878049,82
1271341674829017088,539.5000000000001,2
1327982119042203648,648.0,2
1517349019,114.5,2
4699752090,268.65,20
736954051288408065,19.238095238095237,21
818468522032439296,16.833333333333332,6
995498317,457.0,8
