user_id,average_interval,tweet_count
100786821,643.3333333333334,6
2563725608,297.3658536585366,41
2991247856,224.2,120
356504856,453.5,20
925229943948165120,33.0,2
936614400,130.0,2
