user_id,average_interval,tweet_count
102915472,724.0000000000001,2
1078267702177759232,171.0,3
1079272081630494720,9.5,2
1171277457485262848,689.1739130434783,23
1176546387162386432,645.5,4
118963142,586.5652173913044,23
1195060384987631616,550.3333333333334,3
1517349019,1.0,2
212963021,337.5,4
230705607,1036.5,2
3115612117,1225.5,2
3242713794,464.38461538461536,52
563532464,648.0,3
72844083,693.0,2
848354743176921089,501.0,2
