user_id,average_interval,tweet_count
1304012629543796736,30.0,2
34128810,110.0,3
818468522032439296,73.14285714285714,21
95260609,309.6666666666667,3
