user_id,average_interval,tweet_count
1245930673132564482,158.5,2
1296065082183446531,130.5,2
1400279520,383.5,2
177449088,314.0,2
241810950,398.8333333333333,6
2775413118,611.2222222222222,9
373687679,1.6666666666666667,3
771254431157399552,490.5,6
85800209,732.2142857142857,14
958363101006413824,629.0,5
966534603279233027,248.6086956521739,23
981771860244246529,386.0,4
