user_id,average_interval,tweet_count
109367080,229.0,3
1217332186346442752,164.25,4
1257713217146511360,480.5,2
1275743145423036416,852.1818181818181,22
1672184269,120.0,3
1681830450,416.5,2
2355891038,173.5,2
2450044586,364.5,2
34128810,182.69230769230768,13
3983654592,903.5,2
60789400,518.6666666666666,6
794703783259312128,87.41176470588235,34
