user_id,average_interval,tweet_count
1054575350552784897,134.55555555555554,9
1257713217146511360,178.5,4
170336353,56.0,2
2693092070,195.0,2
2909799212,191.0,2
34128810,100.46153846153847,13
736954051288408065,56.89655172413793,29
976956632755138561,39.333333333333336,3
