user_id,average_interval,tweet_count
1034817865956745216,391.0,2
1101031833205039104,584.7047619047619,105
1540526485,111.5,2
1672184269,470.50000000000006,2
1956750632,657.0,6
2583762356,0.5,2
261396866,66.2,5
34128810,412.8888888888889,9
3702632832,427.5,2
3749486778,127.17582417582418,91
420347285,274.0,2
4364173154,578.2,5
892397421749166084,428.0,4
995966931113918465,3.6666666666666665,3
996189081540313088,0.5,2
