user_id,average_interval,tweet_count
1077912733130010627,411.6585365853659,41
1099895586956861440,441.45283018867923,53
1130597353,346.5,2
115151717,382.5,4
122336962,46.0,2
1245060748490891265,101.0,2
164282699,567.0,2
2581102232,391.0,2
34128810,253.60714285714286,28
3692692452,223.0,3
430397188,917.4166666666666,12
736954051288408065,170.2941176470588,17
756540518901788672,440.5,2
86756404,180.2,5
88710897,286.0,2
980793040204791810,82.22222222222223,45
