user_id,average_interval,tweet_count
1048651455081537536,203.33333333333334,3
111017978,519.3333333333334,3
1245172358463143936,264.6,5
1257713217146511360,178.5,6
128279236,161.5,2
2313065820,360.0,3
2485190737,268.3333333333333,3
32893785,229.25,4
34128810,321.9230769230769,13
410540232,463.7142857142857,7
4233533474,31.666666666666668,3
58660812,131.39423076923077,104
767579304,415.5,2
848354743176921089,100.02380952380952,126
969550692623958016,668.0434782608696,23
