user_id,average_interval,tweet_count
1028111179737006082,674.0,2
2380691000,430.5,2
310283482,225.66666666666666,3
3135691284,122.84615384615384,13
314652025,138.25,8
34128810,531.3846153846154,13
3543191054,255.45454545454547,11
3749486778,125.0,2
4057292773,477.5,2
50293755,478.25,8
534907715,524.0,3
629843511,378.94117647058823,17
78619878,396.375,8
848354743176921089,123.78260869565217,23
893029881964937216,401.82608695652175,46
916016849405358080,145.92307692307693,13
939253410,837.0,2
