user_id,average_interval,tweet_count
1046574229,160.5,2
1150975596677095425,60.00000000000001,4
122556150,169.5194805194805,77
2388139399,23.25,4
2739127544,1075.0,2
2910435398,256.0,5
2952455288,439.75,4
34128810,294.4761904761905,42
349689033,700.5,2
3692692452,263.5,4
635062147,435.5,10
756540518901788672,279.3333333333333,3
80464986,693.4,5
848354743176921089,135.0985221674877,203
88710897,626.2857142857143,7
