user_id,average_interval,tweet_count
1084988578457743362,204.5,20
2450044586,14.0,2
3503043434,51.5,2
794703783259312128,63.84615384615385,13
87467070,247.33333333333337,3
