user_id,average_interval,tweet_count
1092991884983623680,0.8,5
1143025951145512963,801.875,8
176649905,9.294117647058824,17
2583762356,0.5,2
347843272,554.7142857142857,7
364856567,122.0,3
4896616442,140.0,2
776270526394224640,269.3636363636364,11
878822844649447425,31.125,48
996189081540313088,446.25,4
