user_id,average_interval,tweet_count
1023506289702264832,337.375,8
1189076451242328065,205.0,12
120602963,304.5,6
1228725939082686469,1296.0,2
1628005688,176.5,2
2583762356,0.3333333333333333,3
34128810,371.55555555555554,9
50293755,529.0,2
58709764,42.285714285714285,7
768698298,392.5,2
929320740490395649,316.6666666666667,6
972539791,228.0,2
996189081540313088,319.625,8
