user_id,average_interval,tweet_count
1061511581530382336,226.0,2
106923358,703.0,2
107485402,456.5,2
1161475197855252482,926.9183673469388,49
1672184269,460.00000000000006,6
21272710,132.9375,16
2910435398,114.5,2
3270846866,32.5,2
34128810,285.15625,32
3749486778,312.0,4
410540232,154.0,2
736954051288408065,124.14529914529915,117
737547134891757569,371.93333333333334,15
875618424042405888,186.0,2
934362657892663297,573.25,4
