user_id,average_interval,tweet_count
1019242762196008961,482.9,10
1115495591088230400,1179.1904761904761,42
1251722465341931522,596.0,7
1363724040,329.0,4
2909799212,514.0,7
297319355,429.5,4
298062003,825.3333333333334,3
3034356121,342.25,4
34128810,310.2857142857143,7
4181454012,240.0,5
848354743176921089,148.59375,64
