user_id,average_interval,tweet_count
1001937467564408832,135.0,8
116298005,392.5,2
1171692261509189632,579.6086956521739,23
120602963,168.45454545454547,11
1702012177,249.85714285714286,7
177449088,651.6666666666666,3
2251903524,506.00000000000006,2
2607769068,613.5,2
2910435398,266.2,5
76877878,243.52631578947367,38
87971873,289.90425531914894,94
96068146,279.0,3
96382177,626.2,5
994837601600376832,147.5,2
