user_id,average_interval,tweet_count
1007255696071483393,249.75,4
107485402,651.5,2
1135855471183589376,156.85714285714286,7
1204304969916022790,279.5,8
1287692705053589506,33.6125,160
1394249083632504833,638.0,2
1402569438,383.6666666666667,6
2858153017,260.875,8
3272994128,1095.6666666666667,3
368897764,49.5,2
445789010,288.55555555555554,9
531408009,318.54545454545456,11
884331216341655552,725.5,4
903576969551372288,106.0,11
997867791335096321,654.0,3
