user_id,average_interval,tweet_count
115938852,875.0,3
1334057544247963648,815.2173913043479,23
956692850,165.66666666666666,6
