user_id,average_interval,tweet_count
1054575350552784897,711.2222222222222,18
1112385046957047811,100.83333333333333,6
1217332186346442752,56.0,3
1263948212924104704,72.5,2
1286980828447178752,30.833333333333332,6
1287195431529664515,60.5,6
2581102232,131.33333333333334,6
3034356121,52.0,6
3322457366,479.6666666666667,3
34128810,141.1,10
732590027159392256,498.3333333333333,3
794703783259312128,52.642857142857146,14
8264502,116.66666666666667,3
829496494554173440,51.92307692307692,13
