user_id,average_interval,tweet_count
1031024940,85.0,2
1248793227861168128,59.375,8
1344659647576170498,121.33333333333333,3
138597389,185.0,5
2445518118,315.25,4
2793439765,126.0,3
3242969826,120.24137931034483,29
324326792,244.61971830985917,71
50293755,136.5,2
714298778702860288,251.92105263157896,38
733533685387911168,562.7,10
794703783259312128,103.42857142857143,7
80544545,1267.0,2
886172726255169536,666.5,4
916016849405358080,115.88524590163935,61
