user_id,average_interval,tweet_count
1054575350552784897,243.77777777777777,9
1286980828447178752,8.5,2
283515928,188.0,4
34128810,235.875,8
456376828,54.27272727272727,11
750881682983649280,24.666666666666668,3
794703783259312128,79.5,2
87378082,398.0,9
989880181140549632,268.0,2
