user_id,average_interval,tweet_count
1026191768,634.375,8
1259363320911458305,155.5,2
1270546836164493313,147.4,10
1285733240972570624,653.5,2
1373099395890081793,655.5,2
1425252822,624.0,5
170964820,213.71428571428572,7
2510433450,958.5,2
2699800590,578.3448275862069,29
2980408369,658.0,2
3371821639,0.5,8
34128810,160.5,10
373687679,2.5,2
543158812,1.3333333333333333,3
736954051288408065,205.2,25
882513563780120576,149.0,2
933650110491193345,86.27272727272727,11
96068146,150.0,2
