user_id,average_interval,tweet_count
1215523651631509504,285.25,4
122336962,31.0,3
1248063031,454.75,4
131032996,1780.0,2
1316269723294679041,499.0,3
2312702190,688.0,2
2611056672,57.0,3
263579094,35.0,2
3289595936,111.66666666666667,3
3315732475,40.666666666666664,9
374451944,149.25,8
547299604,220.33333333333334,3
747326038393315328,71.57142857142857,7
94933670,124.66666666666667,3
950612870558969856,186.12,25
