user_id,average_interval,tweet_count
1347214386985779200,673.1428571428571,7
1419534379118825477,136.5,2
2379091717,1270.5,4
85961661,455.57142857142856,7
