user_id,average_interval,tweet_count
1259363320911458305,1120.25,4
170964820,128.5,2
2807804132,154.4,5
280845290,299.9166666666667,12
886834149935284224,474.50000000000006,2
95260609,327.0,3
