user_id,average_interval,tweet_count
109903331,454.85714285714283,7
1106696317265281024,127.0625,16
1141320199284518912,492.47058823529414,17
1263865447381786629,130.0,2
1386249134923935744,360.0,5
1398265826495565830,7.5,2
141908759,464.0,3
1517349019,0.5,2
1672184269,112.5,2
3749486778,89.47058823529412,34
764961509273329664,6.2,15
790001321088737280,347.3333333333333,3
941556194711298048,973.0,3
