user_id,average_interval,tweet_count
1242173602901807104,96.38888888888889,36
1251463461084618753,116.6,10
1287648729256718337,70.16666666666667,6
165005397,411.75,8
199420128,288.5,2
2450044586,287.57142857142856,7
2581748305,339.0,2
34128810,490.6,5
3749486778,91.71698113207547,159
483774762,286.0,4
505923182,325.5,6
800057633025630208,86.76923076923077,13
848158052058411008,795.4444444444445,9
848354743176921089,399.0,2
915574449184817152,928.0,2
929747377904238592,81.22222222222223,36
