user_id,average_interval,tweet_count
1054925999727472641,29.000000000000004,2
1257713217146511360,471.57142857142856,7
