user_id,average_interval,tweet_count
1042732341657919488,761.1428571428571,7
2597686872,57.00000000000001,3
2909799212,54.25,20
794703783259312128,58.0,3
