user_id,average_interval,tweet_count
1111640213766303744,363.5,6
1257713217146511360,540.2857142857143,7
1282870534468808706,132.95833333333334,24
1517349019,299.5,4
200406959,130.5,2
3034356121,145.35714285714286,14
32893785,309.0,9
34128810,281.92857142857144,14
3749486778,105.08943089430895,123
4181454012,65.27272727272727,55
848354743176921089,216.66666666666666,36
99292266,132.0,2
