user_id,average_interval,tweet_count
101260694,1053.5,2
1025795093184229376,157.75,4
1111640213766303744,386.8,5
1197019834719952896,302.8333333333333,6
1272365546365784065,338.8666666666667,15
130446710,602.7619047619048,21
1360594750777090050,410.5,2
170964820,233.5,4
173045496,724.0000000000001,2
2473843430,711.25,8
2616651702,856.2,5
2998061930,395.25,4
34128810,420.75,8
368316565,748.0,2
398559064,894.0,4
411838539,213.88235294117646,34
88710897,76.5,2
