user_id,average_interval,tweet_count
1242173602901807104,37.0,2
1286980828447178752,37.5,2
1419892083037335553,708.9230769230769,13
843303565,224.66666666666666,3
