user_id,average_interval,tweet_count
1086181637879033856,436.88235294117646,17
1099182146,1309.0,4
1178872236351971328,1098.25,12
129806202,192.0,2
2380691000,562.9285714285714,14
2423154800,923.7222222222222,18
2597686872,125.46153846153847,65
298062003,300.42857142857144,7
4687216274,158.57142857142858,63
736954051288408065,93.15189873417721,79
867377988089675777,5.75,8
870273615513567232,486.0,2
933650110491193345,113.42857142857143,7
