user_id,average_interval,tweet_count
1046582261938774016,457.6666666666667,3
122516847,395.4,5
1293150275314753536,206.51282051282053,39
1324252655489675267,200.0,2
1403235142362025985,624.0752688172043,93
144721022,468.5,2
200406959,182.0,2
2226230538,1256.4285714285713,14
2909799212,541.3333333333334,3
363100126,87.0,2
3749486778,123.57692307692308,52
545771732,55.0,2
8264502,263.5,2
836784817622568960,29.0,2
