user_id,average_interval,tweet_count
1007491708769013760,774.5,2
1111921742623080449,347.0,7
118050510,286.6666666666667,3
1184531787894026240,428.5,2
1397442063055032320,293.25,4
1425252822,511.0,3
1429126769789919237,578.5,2
173269152,248.7058823529412,34
200318176,101.03448275862068,29
2858153017,391.25,4
30211127,120.5,2
3123447140,166.70967741935485,62
546089484,465.0,2
764961509273329664,19.9375,16
818468522032439296,249.77777777777777,9
