user_id,average_interval,tweet_count
1161568409990995969,497.0,3
116356668,127.66666666666667,3
2693092070,512.5,2
298062003,418.0,2
306239569,291.0,3
34128810,380.2258064516129,31
995966931113918465,580.0,2
