user_id,average_interval,tweet_count
1321059634589757440,534.6428571428571,14
141960004,770.0,9
184454658,851.3333333333334,3
2226230538,1199.6666666666667,3
238425501,280.0,3
2910435398,212.75,4
34128810,250.5,2
736954051288408065,448.5,2
964038822441791489,552.0952380952381,21
