user_id,average_interval,tweet_count
1106503522109931520,727.0,2
1277982085500657666,159.5,4
1304701448647667713,659.2142857142857,14
2583762356,2.0,2
70622589,68.14285714285715,7
736954051288408065,102.5,10
933650110491193345,70.57142857142857,7
991191962773409792,305.5,2
