user_id,average_interval,tweet_count
1106303830264811529,441.0,2
1110109874724077572,673.3333333333334,3
122556150,118.0909090909091,11
1242173602901807104,163.33333333333334,3
1251463461084618753,233.33333333333334,3
2578128852,119.50000000000001,2
263579094,48.833333333333336,6
3270846866,0.0,2
3524357058,17.0,2
70622589,67.37500000000001,8
800057633025630208,209.0,2
