user_id,average_interval,tweet_count
1084988578457743362,432.625,8
1217332186346442752,50.416666666666664,12
2450044586,620.0,2
2909799212,73.75,4
794703783259312128,70.66666666666667,12
