user_id,average_interval,tweet_count
1351378211402256384,20.333333333333336,3
4839694807,29.666666666666668,3
