user_id,average_interval,tweet_count
1111640213766303744,291.75,4
113537117,785.5,2
115151717,259.1363636363636,44
1257713217146511360,260.5,2
1287195431529664515,424.0,2
131032996,480.00000000000006,2
1672184269,699.0,3
2892591636,112.0,2
34128810,248.77777777777777,9
456376828,76.0,2
546089484,210.5,2
736954051288408065,234.5,6
800057633025630208,544.3333333333334,6
809268629300658176,650.625,16
