user_id,average_interval,tweet_count
1029606869109596160,326.8333333333333,6
1044079394,336.6666666666667,21
1217665410914344960,6.714285714285714,14
1287195431529664515,111.5,2
1287692705053589506,22.5,2
1338315642366128129,299.92,50
2201588558,772.5,8
23895771,57.5,2
2826282024,58.5,2
3342348373,83.0,2
4080951852,480.6666666666667,3
452093058,575.0,2
4839694807,49.911764705882355,34
741839370789867520,500.14285714285717,7
832090922674302976,244.0,2
910833024320757760,695.5689655172414,58
