user_id,average_interval,tweet_count
1182160596365537281,79.06666666666666,15
1217035409672130560,228.46666666666667,15
1220894441654734848,322.0,2
1314843272691425281,1.5,2
132477752,1025.0,2
1334325775336493057,8.80952380952381,21
174955991,508.5945945945946,37
314652025,253.60000000000005,5
34128810,329.2307692307692,13
3692692452,322.0,4
3749486778,116.4,10
391055631,232.0,3
499865386,310.0,2
635062147,455.0,2
75313939,284.53846153846155,26
829496494554173440,931.5,2
925379822,541.5,2
