user_id,average_interval,tweet_count
1010691659628081152,1296.0,3
1115612518934704128,28.0,2
1174706840153706497,87.0952380952381,21
119125433,466.0,3
1291264410300760066,652.0,3
1332272761180340225,202.69291338582678,127
1462790461,342.8333333333333,6
232858681,686.0,2
250174508,578.4666666666667,15
2581102232,640.0,2
3749486778,64.84,25
411838539,306.5,2
534907715,436.125,8
543187543,452.1666666666667,6
700902654,841.0,2
818468522032439296,275.36842105263156,19
