user_id,average_interval,tweet_count
1076393754,2.2857142857142856,7
1111640213766303744,343.84615384615387,13
115154716,188.5,2
1178456827,702.0,4
1295994734935027712,444.9259259259259,27
1419890600,535.3636363636364,44
151895349,222.0,2
167733138,453.46153846153845,13
280845290,463.2,5
294626568,245.231884057971,69
298062003,1009.5,2
3034356121,136.88888888888889,9
3305630262,324.3,10
34128810,337.05555555555554,18
748671603127398400,1599.5,2
930394603097702402,997.5,4
