user_id,average_interval,tweet_count
1175263749042626560,56.5,2
1244241895397552135,54.8,5
1393121996632780803,125.0,2
2909799212,49.0,2
34128810,95.33333333333333,3
750881682983649280,25.5,2
794703783259312128,62.93333333333333,15
831053648545222656,169.0909090909091,11
