user_id,average_interval,tweet_count
1188041275523551234,716.5,2
1271845252370849792,338.1666666666667,6
196652891,191.0,2
735118876388663296,267.0,2
798086168667570176,81.54545454545455,11
951111435261591552,7.25,4
