user_id,average_interval,tweet_count
1104739446459523073,129.4,10
131032996,484.5,2
1324996991923838977,327.6666666666667,3
213713773,779.3333333333334,3
2302523227,993.5,4
254938917,1051.0,4
2864797755,212.0,33
2887617800,735.4,5
2892437234,283.08,25
2937941742,732.0000000000001,2
34128810,741.5,2
529535150,221.33333333333334,6
704148881848737792,755.6666666666666,6
826030590956695552,183.17307692307693,52
980793040204791810,68.52356020942409,191
