user_id,average_interval,tweet_count
1386682371756281858,1011.0,2
1433756662502854656,345.9230769230769,13
2909799212,42.333333333333336,12
