user_id,average_interval,tweet_count
107739700,97.42857142857143,7
119125433,202.0,2
1236940741412188161,608.1428571428571,7
1450834822679576576,829.8632478632478,117
263579094,42.333333333333336,3
298062003,342.25,4
373687679,1.75,4
3749486778,84.08108108108108,37
45590589,445.75,4
576779660,8.0,2
707778526963830784,1227.6666666666667,3
718095890829869063,798.0,2
