user_id,average_interval,tweet_count
1156859888280014848,136.66666666666666,3
1242173602901807104,41.4,5
1244241895397552135,1.2,5
1287195431529664515,22.5,8
1287648729256718337,60.833333333333336,6
1313831671171485696,13.5,2
1335196340792434688,50.90909090909091,11
1517349019,262.5,2
2909799212,71.33333333333333,3
456376828,88.625,8
794703783259312128,107.75,4
800057633025630208,68.66666666666667,3
831053648545222656,44.583333333333336,12
