user_id,average_interval,tweet_count
1015646001099468800,226.47826086956522,23
114472719,225.0,2
1203983824872333315,266.25,4
14758860,274.6666666666667,3
234844573,636.0,2
2954342563,444.0,2
3032458046,106.5,2
3034356121,130.45454545454547,33
306239569,502.3333333333333,3
3135691284,257.5,2
329499060,30.500000000000004,2
3543191054,405.0,11
4181454012,83.22727272727273,44
564705003,257.625,16
88710897,138.0,2
926251748112478209,105.5,2
972525647082881025,203.75,12
995951552941600769,497.25,4
