user_id,average_interval,tweet_count
112460022,522.0,2
1342667618965065728,471.59090909090907,22
66997361,349.5,2
746334350157897730,180.85714285714286,21
929689451676147712,524.0,5
979272324342886400,315.0,2
