user_id,average_interval,tweet_count
1079658439943512064,561.0,6
1166573645420007426,218.54347826086956,46
1244241895397552135,1.3529411764705883,17
144115596,196.5,2
150967625,25.0,2
1672184269,297.42857142857144,7
281347259,445.0,9
3016997129,794.0,3
3018699421,817.0,4
373687679,2.0,2
710658568416985088,138.0,2
811729599901990912,394.0,4
964038822441791489,399.8333333333333,6
