user_id,average_interval,tweet_count
1016645959336411137,818.8181818181819,11
113537117,98.5,2
1289172334650130432,277.22222222222223,9
1328160228,160.5,2
1335196340792434688,443.6666666666667,3
1353298419247243264,205.8181818181818,11
1386618462336798724,547.0,2
1422561187674263552,817.0,5
1454994288350167044,1282.5,4
148300080,571.0,2
2450044586,239.6,5
2581102232,225.88524590163934,61
2909799212,312.1,20
505923182,356.77777777777777,9
534907715,372.4,5
