user_id,average_interval,tweet_count
1044079394,465.5,24
1096620996226740227,154.7,40
1242081603888660481,363.5,2
1254146839508484096,880.5,2
1287195431529664515,14.117647058823529,17
1338315642366128129,152.75,32
228190263,29.6,5
275927566,334.0,2
2826282024,209.33333333333334,3
44090435,79.33333333333333,3
450404812,52.666666666666664,3
4839694807,54.45454545454545,22
51664262,34.0,6
591392799,801.6666666666666,3
854160857500049408,55.333333333333336,3
910833024320757760,647.0666666666667,15
