user_id,average_interval,tweet_count
1019145299380580353,320.0,3
1048651455081537536,400.0,2
106361099,278.5,2
1069915924986179584,552.0,11
1125713458521972736,255.21917808219177,73
136634375,105.0,3
146072434,176.16666666666666,6
1478670223771602946,380.0169491525424,59
1501868514889854977,83.66666666666667,3
1512026942106910724,4.2,5
153698684,478.5,2
212963021,164.00000000000003,6
2910435398,130.45454545454547,11
3002566464,291.0,2
3645041652,542.0,2
814519724977438721,127.2,10
