user_id,average_interval,tweet_count
1029256938280734730,829.0,2
1062584007517364224,0.5,2
1176890346233401345,51.285714285714285,7
119125433,119.22222222222223,9
120819083,86.25,4
1242081603888660481,109.4,10
1357941305310015488,336.2,5
1483344076682698755,495.679012345679,81
1501868514889854977,20.0,2
298062003,197.46153846153845,13
43082083,82.76923076923077,13
829496494554173440,85.4,5
845687968006230016,380.6666666666667,3
868299104010387457,165.3,10
93023534,188.5,2
