user_id,average_interval,tweet_count
1175263749042626560,303.4193548387097,31
1242173602901807104,180.57142857142858,14
1251463461084618753,102.52631578947368,19
1267674884097753089,809.0,5
1286980828447178752,186.64285714285714,14
1287195431529664515,251.64705882352942,17
1287648729256718337,109.33333333333333,3
1287692705053589506,232.8,5
1355486684889006081,355.3333333333333,3
456376828,167.55555555555554,27
