user_id,average_interval,tweet_count
1125945789388165120,774.8,5
1274271215784353792,332.7142857142857,14
1503034579531464704,478.0,4
2380691000,933.3333333333334,3
3269794758,272.3333333333333,6
348870246,209.68421052631578,19
727120692802506752,509.5,4
903576969551372288,459.8095238095238,21
