user_id,average_interval,tweet_count
106109265,710.5,2
1326834586387574785,150.5,4
1511962325007626240,108.47058823529413,68
161983062,740.1111111111111,9
1627020624,240.5,2
289726364,889.5,2
301343251,1.75,4
706746013,220.0,2
914665872450449408,730.0,2
