user_id,average_interval,tweet_count
102543850,375.0,2
1045524721,248.875,8
1413568299997155329,335.0,3
1421919628536647682,408.3333333333333,3
1531811900488503297,770.6052631578947,38
164483284,224.0,2
1672184269,166.2,15
2323765219,545.0,2
2581102232,373.8,5
2909799212,239.27272727272728,22
292890184,1596.0,2
306239569,189.33333333333334,3
471021430,594.4,5
790001321088737280,453.1666666666667,6
797128947154624512,404.2903225806452,31
820139866453381120,364.5,2
936043477,523.25,4
