user_id,average_interval,tweet_count
1080948250507567105,656.0,4
1306175343066144770,650.5,2
1328160228,475.0,2
1476066747015122944,108.66666666666667,9
1477104508274896897,90.76433121019109,157
1519570670555852800,565.0,7
1571037882235899904,418.4,5
2206893295,279.0,4
2581102232,300.4117647058824,17
2910435398,397.375,8
306239569,574.2,5
3348960732,216.0,3
395778994,261.5,8
8264502,795.5,2
829496494554173440,232.5,8
969110815,380.0,2
