user_id,average_interval,tweet_count
1217332186346442752,77.25,4
1259363320911458305,300.0,7
1335196340792434688,32.0,10
1355486684889006081,78.5,2
1457626398685040640,436.6666666666667,6
2946314196,249.0,30
306239569,90.33333333333333,3
3141671827,293.8,5
812010161749434368,276.3692307692308,65
818468522032439296,79.0,9
977379589159755777,106.5,2
