user_id,average_interval,tweet_count
1188930165394436096,185.2,5
119125433,168.08333333333334,12
1203112810487533568,454.3333333333333,3
1217001497671565312,425.3333333333333,3
1244241895397552135,1.25,4
1565755110298636288,203.75,4
182856282,248.0,4
531408009,404.5,2
58660812,58.06818181818182,44
769489904162091009,116.42696629213484,89
790001321088737280,211.66666666666666,3
95572737,101.5,2
975400416568426496,113.66666666666667,6
97652364,144.125,8
980157782795075584,597.3333333333334,3
