user_id,average_interval,tweet_count
1244241895397552135,1.75,4
1465087605566246913,764.5,2
1483559474187337731,671.1875,16
1502686324515504133,271.0,9
190953852,943.5,4
192404484,505.17391304347825,23
764961509273329664,5.5,2
916016849405358080,19.555555555555557,18
