user_id,average_interval,tweet_count
170964820,68.66666666666667,3
743351170970726400,229.66666666666666,3
831053648545222656,42.12500000000001,16
