user_id,average_interval,tweet_count
107485402,73.0,2
1084988578457743362,192.925,40
119287850,303.5,2
1244241895397552135,1.2857142857142858,7
1303008037821493248,54.0,9
1317460584212832257,73.85714285714286,7
1335196340792434688,77.0,3
1353767411678285834,37.6,5
1456291229272993799,50.0,17
2581102232,78.4,5
2909799212,39.8125,16
306239569,186.5,2
315133304,846.0,2
71972515,39.8,5
845687968006230016,86.0,2
868299104010387457,140.0,2
