user_id,average_interval,tweet_count
1029061738031771648,440.5,2
1111640213766303744,291.6363636363636,11
113537117,164.41666666666666,12
124800535,286.5,2
128475031,310.0,3
1291606889281622017,1179.5,8
1403524505775927298,273.38461538461536,13
1494738869417246721,189.5,20
1582871829462409216,202.75,12
2581102232,363.0,12
2879226348,452.0,2
3195095402,1249.0,9
381646091,378.2142857142857,14
916016849405358080,31.166666666666668,24
96917858,364.77777777777777,9
