user_id,average_interval,tweet_count
1118559986,901.3,10
1287195431529664515,321.57142857142856,7
1287648729256718337,90.45833333333333,72
1287692705053589506,135.3,10
1303008037821493248,392.3333333333333,3
1353767411678285834,16.0,2
1569977902737027072,208.25,4
170336353,219.5,2
3749486778,98.91011235955057,89
524074697,96.0,2
546089484,396.6666666666667,3
614418480,438.5,2
78619878,218.61290322580646,31
830083910,477.75,8
837933150642683904,1109.0,2
857246999598452736,305.3333333333333,3
