user_id,average_interval,tweet_count
1057505547484872704,208.5,2
1203576883545133056,892.25,4
133841934,1015.75,4
144794260,234.75,8
1482226725828591619,691.88,75
183185254,371.6666666666667,18
298062003,237.5,4
3749486778,59.07692307692308,26
381646091,152.33333333333334,3
509038123,782.5,2
53007997,392.0,4
78619878,231.05128205128204,39
