user_id,average_interval,tweet_count
1080948250507567105,224.0,22
133792327,229.5,2
1377664986437230593,200.5,2
144315451,619.5,2
1472781150,393.3333333333333,3
1687819735,242.0,2
2185402134,181.66666666666666,3
269072350,801.5,2
2827708350,1582.0,2
2829792366,187.23076923076923,13
3543191054,250.91666666666666,12
3749486778,58.364583333333336,96
379852504,726.0,3
408419256,385.0,2
58660812,267.6666666666667,3
705293774365130752,408.0,5
983617271141515264,227.08928571428572,56
