user_id,average_interval,tweet_count
1544585359342071808,514.4285714285714,7
287226630,0.5,4
725857753038639104,556.6666666666666,3
