user_id,average_interval,tweet_count
108955027,501.45,20
1244241895397552135,1.8333333333333333,12
1313831671171485696,101.66666666666667,3
1359060705937293312,712.1818181818181,11
1454062282074251267,656.4126984126984,63
2581102232,292.6,45
298062003,215.6,5
3002566464,420.5,2
3433420040,679.0227272727273,44
3749486778,52.166666666666664,30
391378969,283.5,2
748663446,300.0769230769231,13
874563996,388.5,2
964038822441791489,348.5,2
