user_id,average_interval,tweet_count
1334931088074887169,365.0,3
234844573,384.0,4
2581102232,717.0,2
329499060,230.50000000000003,2
3749486778,137.94444444444446,18
456376828,194.4255319148936,47
55217016,472.0,2
594220086,338.75,4
800057633025630208,91.52941176470588,17
829496494554173440,326.5,2
